tract,gsmn_math_g3_2013,,Census Tract,,
30100,3.5722244,,301,30100,TRUE
30201,3.6739938,,302.01,30201,TRUE
30202,3.8854907,,302.02,30202,TRUE
30203,3.7033026,,302.03,30203,TRUE
30301,3.9785872,,303.01,30301,TRUE
30302,4.0531888,,303.02,30302,TRUE
30303,4.0531888,,303.03,30303,TRUE
30304,4.0531888,,303.04,30304,TRUE
30305,4.5122857,,303.05,30305,TRUE
30403,5.0522952,,304.03,30403,TRUE
30404,5.0522952,,304.04,30404,TRUE
30405,5.0522952,,304.05,30405,TRUE
30406,5.0522952,,304.06,30406,TRUE
30407,5.0522952,,304.07,30407,TRUE
30408,5.0522952,,304.08,30408,TRUE
30504,5.0522952,,305.04,30504,TRUE
30505,5.0522952,,305.05,30505,TRUE
30506,5.0522952,,305.06,30506,TRUE
30507,5.0522952,,305.07,30507,TRUE
30508,5.0522952,,305.08,30508,TRUE
30509,5.0522952,,305.09,30509,TRUE
30510,5.0522952,,305.1,30510,TRUE
30511,5.0522952,,305.11,30511,TRUE
30512,5.0522952,,305.12,30512,TRUE
30513,4.7021246,,305.13,30513,TRUE
30514,3.9368947,,305.14,30514,TRUE
30515,4.4895639,,305.15,30515,TRUE
30516,4.4895639,,305.16,30516,TRUE
30517,4.4895639,,305.17,30517,TRUE
30518,5.0522952,,305.18,30518,TRUE
30519,4.6899509,,305.19,30519,TRUE
30520,5.0522952,,305.2,30520,TRUE
30521,5.0522952,,305.21,30521,TRUE
30522,4.6899509,,305.22,30522,TRUE
30523,4.6899509,,305.23,30523,TRUE
30524,4.0531888,,305.24,30524,TRUE
30525,3.9368947,,305.25,30525,TRUE
30526,3.9368947,,305.26,30526,TRUE
30527,3.9368947,,305.27,30527,TRUE
30528,3.9368947,,305.28,30528,TRUE
30529,3.9368947,,305.29,30529,TRUE
30530,3.9368947,,305.3,30530,TRUE
30531,3.9368947,,305.31,30531,TRUE
30601,3.9368947,,306.01,30601,TRUE
30603,3.9368947,,306.03,30603,TRUE
30604,3.9368947,,306.04,30604,TRUE
30605,3.9368947,,306.05,30605,TRUE
30701,4.003685,,307.01,30701,TRUE
30702,3.9368947,,307.02,30702,TRUE
30801,3.9368947,,308.01,30801,TRUE
30802,3.9368947,,308.02,30802,TRUE
30900,4.7297215,,309,30900,TRUE
31001,3.6707499,,310.01,31001,TRUE
31003,3.6707499,,310.03,31003,TRUE
31004,3.6707499,,310.04,31004,TRUE
31100,3.3718288,,311,31100,TRUE
31201,3.7621276,,312.01,31201,TRUE
31202,3.8408344,,312.02,31202,TRUE
31308,4.3883123,,313.08,31308,TRUE
31309,4.3883123,,313.09,31309,TRUE
31310,4.3883123,,313.1,31310,TRUE
31311,4.3883123,,313.11,31311,TRUE
31312,4.1708279,,313.12,31312,TRUE
31313,4.8094473,,313.13,31313,TRUE
31314,4.5117745,,313.14,31314,TRUE
31315,4.3049316,,313.15,31315,TRUE
31316,4.3049316,,313.16,31316,TRUE
31317,4.3049316,,313.17,31317,TRUE
31405,4.5616598,,314.05,31405,TRUE
31406,4.9144588,,314.06,31406,TRUE
31407,4.4774971,,314.07,31407,TRUE
31408,5.3526611,,314.08,31408,TRUE
31409,4.6734486,,314.09,31409,TRUE
31410,4.9930191,,314.1,31410,TRUE
31411,4.6734486,,314.11,31411,TRUE
31504,4.9930191,,315.04,31504,TRUE
31505,4.6734486,,315.05,31505,TRUE
31506,4.9930191,,315.06,31506,TRUE
31507,4.9930191,,315.07,31507,TRUE
31508,4.9930191,,315.08,31508,TRUE
31611,4.1708279,,316.11,31611,TRUE
31612,4.1708279,,316.12,31612,TRUE
31613,4.1708279,,316.13,31613,TRUE
31621,4.1708279,,316.21,31621,TRUE
31622,4.1708279,,316.22,31622,TRUE
31623,4.1708279,,316.23,31623,TRUE
31624,4.1708279,,316.24,31624,TRUE
31625,4.1708279,,316.25,31625,TRUE
31626,4.1708279,,316.26,31626,TRUE
31627,4.1708279,,316.27,31627,TRUE
31628,4.1708279,,316.28,31628,TRUE
31629,4.1708279,,316.29,31629,TRUE
31630,4.1708279,,316.3,31630,TRUE
31631,4.1708279,,316.31,31631,TRUE
31632,4.6734486,,316.32,31632,TRUE
31633,4.1708279,,316.33,31633,TRUE
31634,4.1708279,,316.34,31634,TRUE
31635,4.6734486,,316.35,31635,TRUE
31636,4.1708279,,316.36,31636,TRUE
31637,4.1708279,,316.37,31637,TRUE
31638,4.1708279,,316.38,31638,TRUE
31639,5.0522952,,316.39,31639,TRUE
31640,5.0169716,,316.4,31640,TRUE
31641,4.1708279,,316.41,31641,TRUE
31642,4.1708279,,316.42,31642,TRUE
31643,4.1708279,,316.43,31643,TRUE
31645,4.1708279,,316.45,31645,TRUE
31646,4.1708279,,316.46,31646,TRUE
31647,4.1708279,,316.47,31647,TRUE
31648,4.1708279,,316.48,31648,TRUE
31649,4.1708279,,316.49,31649,TRUE
31652,4.1708279,,316.52,31652,TRUE
31653,4.1708279,,316.53,31653,TRUE
31654,4.1708279,,316.54,31654,TRUE
31655,4.1708279,,316.55,31655,TRUE
31656,4.6257439,,316.56,31656,TRUE
31657,4.6257439,,316.57,31657,TRUE
31658,4.1708279,,316.58,31658,TRUE
31659,4.6257439,,316.59,31659,TRUE
31660,5.0522952,,316.6,31660,TRUE
31661,5.0522952,,316.61,31661,TRUE
31662,4.6257439,,316.62,31662,TRUE
31663,4.6257439,,316.63,31663,TRUE
31664,4.1708279,,316.64,31664,TRUE
31704,4.1708279,,317.04,31704,TRUE
31706,4.1708279,,317.06,31706,TRUE
31708,4.1708279,,317.08,31708,TRUE
31709,4.1708279,,317.09,31709,TRUE
31711,4.1708279,,317.11,31711,TRUE
31712,4.1708279,,317.12,31712,TRUE
31713,4.1708279,,317.13,31713,TRUE
31714,4.1708279,,317.14,31714,TRUE
31715,4.1708279,,317.15,31715,TRUE
31716,4.1708279,,317.16,31716,TRUE
31717,4.1708279,,317.17,31717,TRUE
31718,4.1708279,,317.18,31718,TRUE
31719,4.1708279,,317.19,31719,TRUE
31720,4.1708279,,317.2,31720,TRUE
31802,4.1708279,,318.02,31802,TRUE
31804,4.1708279,,318.04,31804,TRUE
31805,4.1708279,,318.05,31805,TRUE
31806,4.1708279,,318.06,31806,TRUE
31807,4.1708279,,318.07,31807,TRUE
31900,4.1708279,,319,31900,TRUE
32003,4.1708279,,320.03,32003,TRUE
32004,4.1708279,,320.04,32004,TRUE
32008,4.1708279,,320.08,32008,TRUE
32009,4.1708279,,320.09,32009,TRUE
32010,4.1708279,,320.1,32010,TRUE
32011,4.1708279,,320.11,32011,TRUE
32012,4.1708279,,320.12,32012,TRUE
32013,4.6734486,,320.13,32013,TRUE
100,2.356993,,1,100,TRUE
201,2.356993,,2.01,201,TRUE
202,2.356993,,2.02,202,TRUE
300,2.356993,,3,300,TRUE
401,2.356993,,4.01,401,TRUE
404,2.356993,,4.04,404,TRUE
405,2.356993,,4.05,405,TRUE
406,2.356993,,4.06,406,TRUE
500,2.356993,,5,500,TRUE
601,2.356993,,6.01,601,TRUE
603,3.774493,,6.03,603,TRUE
605,2.356993,,6.05,605,TRUE
606,3.774493,,6.06,606,TRUE
701,2.356993,,7.01,701,TRUE
702,2.356993,,7.02,702,TRUE
800,2.356993,,8,800,TRUE
900,2.356993,,9,900,TRUE
1001,2.356993,,10.01,1001,TRUE
1002,2.356993,,10.02,1002,TRUE
1101,2.356993,,11.01,1101,TRUE
1102,2.356993,,11.02,1102,TRUE
1202,2.356993,,12.02,1202,TRUE
1203,2.356993,,12.03,1203,TRUE
1204,2.356993,,12.04,1204,TRUE
1301,2.356993,,13.01,1301,TRUE
1302,2.356993,,13.02,1302,TRUE
1400,2.356993,,14,1400,TRUE
1502,2.356993,,15.02,1502,TRUE
1503,2.356993,,15.03,1503,TRUE
1504,2.356993,,15.04,1504,TRUE
1600,2.356993,,16,1600,TRUE
1701,2.356993,,17.01,1701,TRUE
1703,2.356993,,17.03,1703,TRUE
1704,2.356993,,17.04,1704,TRUE
1800,2.356993,,18,1800,TRUE
1900,2.356993,,19,1900,TRUE
2000,2.356993,,20,2000,TRUE
2100,2.356993,,21,2100,TRUE
2200,2.356993,,22,2200,TRUE
2400,2.356993,,24,2400,TRUE
2500,2.356993,,25,2500,TRUE
2701,2.356993,,27.01,2701,TRUE
2702,2.356993,,27.02,2702,TRUE
3101,2.356993,,31.01,3101,TRUE
3400,2.356993,,34,3400,TRUE
3700,2.356993,,37,3700,TRUE
3800,2.356993,,38,3800,TRUE
3901,2.356993,,39.01,3901,TRUE
3902,2.356993,,39.02,3902,TRUE
4000,2.356993,,40,4000,TRUE
4100,2.356993,,41,4100,TRUE
4201,2.356993,,42.01,4201,TRUE
4202,2.356993,,42.02,4202,TRUE
4300,2.356993,,43,4300,TRUE
4400,2.356993,,44,4400,TRUE
4500,2.356993,,45,4500,TRUE
4600,2.356993,,46,4600,TRUE
4700,2.356993,,47,4700,TRUE
4800,2.356993,,48,4800,TRUE
4900,2.356993,,49,4900,TRUE
5000,2.356993,,50,5000,TRUE
5100,2.356993,,51,5100,TRUE
5200,2.356993,,52,5200,TRUE
5300,2.356993,,53,5300,TRUE
5400,2.356993,,54,5400,TRUE
5500,2.356993,,55,5500,TRUE
5600,2.356993,,56,5600,TRUE
5700,2.356993,,57,5700,TRUE
5901,2.356993,,59.01,5901,TRUE
5902,2.356993,,59.02,5902,TRUE
6001,2.356993,,60.01,6001,TRUE
6002,2.356993,,60.02,6002,TRUE
6100,2.356993,,61,6100,TRUE
6200,2.356993,,62,6200,TRUE
6301,2.356993,,63.01,6301,TRUE
6302,2.356993,,63.02,6302,TRUE
6401,2.356993,,64.01,6401,TRUE
6402,2.356993,,64.02,6402,TRUE
6501,2.356993,,65.01,6501,TRUE
6502,2.356993,,65.02,6502,TRUE
6700,2.356993,,67,6700,TRUE
6800,2.356993,,68,6800,TRUE
6900,2.356993,,69,6900,TRUE
7101,3.774493,,71.01,7101,TRUE
7102,2.356993,,71.02,7102,TRUE
7201,2.356993,,72.01,7201,TRUE
7202,2.356993,,72.02,7202,TRUE
7301,3.774493,,73.01,7301,TRUE
7302,2.356993,,73.02,7302,TRUE
7601,2.356993,,76.01,7601,TRUE
7604,2.356993,,76.04,7604,TRUE
7605,2.356993,,76.05,7605,TRUE
7700,3.774493,,77,7700,TRUE
7801,3.774493,,78.01,7801,TRUE
7804,3.7934477,,78.04,7804,TRUE
7805,3.7934477,,78.05,7805,TRUE
7809,2.356993,,78.09,7809,TRUE
7810,3.7934477,,78.1,7810,TRUE
7811,3.7934477,,78.11,7811,TRUE
7812,3.7934477,,78.12,7812,TRUE
7815,3.0623238,,78.15,7815,TRUE
7818,2.356993,,78.18,7818,TRUE
7819,2.356993,,78.19,7819,TRUE
7820,2.356993,,78.2,7820,TRUE
7821,2.356993,,78.21,7821,TRUE
7822,2.356993,,78.22,7822,TRUE
7823,2.356993,,78.23,7823,TRUE
7824,3.7934477,,78.24,7824,TRUE
7825,3.7934477,,78.25,7825,TRUE
7826,3.0623238,,78.26,7826,TRUE
7827,3.7934477,,78.27,7827,TRUE
7902,2.356993,,79.02,7902,TRUE
7903,2.356993,,79.03,7903,TRUE
7906,3.774493,,79.06,7906,TRUE
7909,2.356993,,79.09,7909,TRUE
7910,2.356993,,79.1,7910,TRUE
7911,2.356993,,79.11,7911,TRUE
7912,2.356993,,79.12,7912,TRUE
7913,3.774493,,79.13,7913,TRUE
7914,3.774493,,79.14,7914,TRUE
8000,2.356993,,80,8000,TRUE
8100,2.356993,,81,8100,TRUE
8200,2.356993,,82,8200,TRUE
8400,2.356993,,84,8400,TRUE
8500,2.356993,,85,8500,TRUE
8603,2.356993,,86.03,8603,TRUE
8604,2.356993,,86.04,8604,TRUE
8701,2.356993,,87.01,8701,TRUE
8703,2.356993,,87.03,8703,TRUE
8704,2.356993,,87.04,8704,TRUE
8705,2.356993,,87.05,8705,TRUE
8801,2.356993,,88.01,8801,TRUE
8802,2.356993,,88.02,8802,TRUE
8900,2.356993,,89,8900,TRUE
9000,2.356993,,90,9000,TRUE
9101,2.356993,,91.01,9101,TRUE
9103,2.356993,,91.03,9103,TRUE
9104,2.356993,,91.04,9104,TRUE
9105,2.356993,,91.05,9105,TRUE
9201,2.356993,,92.01,9201,TRUE
9202,2.356993,,92.02,9202,TRUE
9301,2.356993,,93.01,9301,TRUE
9303,2.356993,,93.03,9303,TRUE
9304,2.356993,,93.04,9304,TRUE
9401,2.356993,,94.01,9401,TRUE
9402,2.356993,,94.02,9402,TRUE
9500,2.356993,,95,9500,TRUE
9603,2.356993,,96.03,9603,TRUE
9604,2.356993,,96.04,9604,TRUE
9605,2.356993,,96.05,9605,TRUE
9607,2.356993,,96.07,9607,TRUE
9608,2.8371131,,96.08,9608,TRUE
9609,2.356993,,96.09,9609,TRUE
9610,2.356993,,96.1,9610,TRUE
9611,2.356993,,96.11,9611,TRUE
9701,2.356993,,97.01,9701,TRUE
9702,2.356993,,97.02,9702,TRUE
9802,2.356993,,98.02,9802,TRUE
9803,2.356993,,98.03,9803,TRUE
9804,2.356993,,98.04,9804,TRUE
9900,2.8371131,,99,9900,TRUE
10000,2.3071566,,100,10000,TRUE
10101,2.356993,,101.01,10101,TRUE
10102,2.356993,,101.02,10102,TRUE
10500,2.3071566,,105,10500,TRUE
10601,2.3071566,,106.01,10601,TRUE
10602,2.5620432,,106.02,10602,TRUE
10701,2.7012739,,107.01,10701,TRUE
10703,2.7012739,,107.03,10703,TRUE
10704,2.356993,,107.04,10704,TRUE
10801,2.356993,,108.01,10801,TRUE
10803,2.051574,,108.03,10803,TRUE
10804,2.356993,,108.04,10804,TRUE
10805,2.356993,,108.05,10805,TRUE
10902,2.051574,,109.02,10902,TRUE
10903,2.051574,,109.03,10903,TRUE
10904,2.051574,,109.04,10904,TRUE
11001,2.356993,,110.01,11001,TRUE
11002,2.356993,,110.02,11002,TRUE
11101,2.356993,,111.01,11101,TRUE
11103,2.356993,,111.03,11103,TRUE
11104,2.356993,,111.04,11104,TRUE
11105,2.356993,,111.05,11105,TRUE
11200,2.2167337,,112,11200,TRUE
11300,2.2167337,,113,11300,TRUE
11401,2.356993,,114.01,11401,TRUE
11500,2.356993,,115,11500,TRUE
11601,2.356993,,116.01,11601,TRUE
11602,2.356993,,116.02,11602,TRUE
11701,2.356993,,117.01,11701,TRUE
11702,2.356993,,117.02,11702,TRUE
11800,2.356993,,118,11800,TRUE
11900,2.356993,,119,11900,TRUE
12000,2.356993,,120,12000,TRUE
12100,2.5940747,,121,12100,TRUE
12204,2.356993,,122.04,12204,TRUE
12206,2.356993,,122.06,12206,TRUE
12207,2.5940747,,122.07,12207,TRUE
12208,2.356993,,122.08,12208,TRUE
12209,2.356993,,122.09,12209,TRUE
12210,2.356993,,122.1,12210,TRUE
12211,2.356993,,122.11,12211,TRUE
12301,2.356993,,123.01,12301,TRUE
12302,2.356993,,123.02,12302,TRUE
12400,2.356993,,124,12400,TRUE
12500,2.5940747,,125,12500,TRUE
12601,3.0629818,,126.01,12601,TRUE
12603,2.356993,,126.03,12603,TRUE
12604,3.0629818,,126.04,12604,TRUE
12701,2.356993,,127.01,12701,TRUE
12702,2.356993,,127.02,12702,TRUE
12800,2.356993,,128,12800,TRUE
12900,2.356993,,129,12900,TRUE
13004,3.0623238,,130.04,13004,TRUE
13005,3.7934477,,130.05,13005,TRUE
13007,3.0623238,,130.07,13007,TRUE
13008,3.7934477,,130.08,13008,TRUE
13009,3.7934477,,130.09,13009,TRUE
13010,3.0623238,,130.1,13010,TRUE
13011,3.2620082,,130.11,13011,TRUE
13101,3.0623238,,131.01,13101,TRUE
13102,2.356993,,131.02,13102,TRUE
13104,2.356993,,131.04,13104,TRUE
13105,2.356993,,131.05,13105,TRUE
13200,3.0623238,,132,13200,TRUE
13300,2.356993,,133,13300,TRUE
13400,2.356993,,134,13400,TRUE
13500,2.356993,,135,13500,TRUE
13605,3.7934477,,136.05,13605,TRUE
13606,3.0623238,,136.06,13606,TRUE
13607,3.7934477,,136.07,13607,TRUE
13608,3.0623238,,136.08,13608,TRUE
13609,3.7934477,,136.09,13609,TRUE
13610,3.0623238,,136.1,13610,TRUE
13611,3.0623238,,136.11,13611,TRUE
13615,3.0623238,,136.15,13615,TRUE
13616,2.356993,,136.16,13616,TRUE
13617,3.7934477,,136.17,13617,TRUE
13618,3.7934477,,136.18,13618,TRUE
13619,3.7934477,,136.19,13619,TRUE
13620,3.0623238,,136.2,13620,TRUE
13621,3.0623238,,136.21,13621,TRUE
13622,2.356993,,136.22,13622,TRUE
13623,2.356993,,136.23,13623,TRUE
13624,2.356993,,136.24,13624,TRUE
13625,2.356993,,136.25,13625,TRUE
13626,2.356993,,136.26,13626,TRUE
13711,3.4598305,,137.11,13711,TRUE
13712,3.4598305,,137.12,13712,TRUE
13713,3.4598305,,137.13,13713,TRUE
13714,3.4598305,,137.14,13714,TRUE
13715,3.4598305,,137.15,13715,TRUE
13716,3.4598305,,137.16,13716,TRUE
13717,3.4598305,,137.17,13717,TRUE
13718,3.4598305,,137.18,13718,TRUE
13719,3.4598305,,137.19,13719,TRUE
13720,3.4598305,,137.2,13720,TRUE
13721,2.8371131,,137.21,13721,TRUE
13722,2.8371131,,137.22,13722,TRUE
13725,2.356993,,137.25,13725,TRUE
13726,2.356993,,137.26,13726,TRUE
13727,2.356993,,137.27,13727,TRUE
13803,2.8371131,,138.03,13803,TRUE
13804,2.8371131,,138.04,13804,TRUE
13805,3.4598305,,138.05,13805,TRUE
13806,2.8371131,,138.06,13806,TRUE
13901,3.4598305,,139.01,13901,TRUE
13902,3.4598305,,139.02,13902,TRUE
14001,2.8371131,,140.01,14001,TRUE
14002,2.8371131,,140.02,14002,TRUE
14103,3.1665745,,141.03,14103,TRUE
14113,2.2626221,,141.13,14113,TRUE
14114,2.2626221,,141.14,14114,TRUE
14115,2.2626221,,141.15,14115,TRUE
14116,2.2626221,,141.16,14116,TRUE
14119,3.9298503,,141.19,14119,TRUE
14120,3.7285316,,141.2,14120,TRUE
14121,3.7285316,,141.21,14121,TRUE
14123,3.7285316,,141.23,14123,TRUE
14124,3.7285316,,141.24,14124,TRUE
14126,3.9298503,,141.26,14126,TRUE
14127,3.7285316,,141.27,14127,TRUE
14128,3.9298503,,141.28,14128,TRUE
14129,3.7285316,,141.29,14129,TRUE
14130,3.7285316,,141.3,14130,TRUE
14131,3.7285316,,141.31,14131,TRUE
14132,3.7285316,,141.32,14132,TRUE
14133,2.2626221,,141.33,14133,TRUE
14134,3.9298503,,141.34,14134,TRUE
14135,3.9298503,,141.35,14135,TRUE
14136,3.7285316,,141.36,14136,TRUE
14137,2.7509978,,141.37,14137,TRUE
14138,2.7509978,,141.38,14138,TRUE
14203,2.2626221,,142.03,14203,TRUE
14204,2.2626221,,142.04,14204,TRUE
14205,2.2626221,,142.05,14205,TRUE
14206,2.6146667,,142.06,14206,TRUE
14302,2.2626221,,143.02,14302,TRUE
14306,2.2626221,,143.06,14306,TRUE
14307,2.2626221,,143.07,14307,TRUE
14308,2.2626221,,143.08,14308,TRUE
14309,2.2626221,,143.09,14309,TRUE
14310,2.2626221,,143.1,14310,TRUE
14311,3.4598305,,143.11,14311,TRUE
14312,2.7509978,,143.12,14312,TRUE
14403,2.6432319,,144.03,14403,TRUE
14405,2.2626221,,144.05,14405,TRUE
14406,2.2626221,,144.06,14406,TRUE
14407,2.2626221,,144.07,14407,TRUE
14408,2.2626221,,144.08,14408,TRUE
14501,2.2626221,,145.01,14501,TRUE
14502,2.2626221,,145.02,14502,TRUE
14601,2.2626221,,146.01,14601,TRUE
14602,2.2626221,,146.02,14602,TRUE
14603,2.2626221,,146.03,14603,TRUE
14701,2.2626221,,147.01,14701,TRUE
14702,2.2626221,,147.02,14702,TRUE
14703,2.2626221,,147.03,14703,TRUE
14901,2.2626221,,149.01,14901,TRUE
14902,2.2626221,,149.02,14902,TRUE
15000,2.2626221,,150,15000,TRUE
15100,2.2626221,,151,15100,TRUE
15202,2.2626221,,152.02,15202,TRUE
15204,2.2626221,,152.04,15204,TRUE
15205,2.2626221,,152.05,15205,TRUE
15206,2.2626221,,152.06,15206,TRUE
15303,2.6432319,,153.03,15303,TRUE
15304,2.6432319,,153.04,15304,TRUE
15305,2.2626221,,153.05,15305,TRUE
15306,2.6432319,,153.06,15306,TRUE
15401,2.9460425,,154.01,15401,TRUE
15403,2.9460425,,154.03,15403,TRUE
15404,2.9460425,,154.04,15404,TRUE
15500,2.9460425,,155,15500,TRUE
15600,2.9460425,,156,15600,TRUE
15700,2.9460425,,157,15700,TRUE
15800,2.5620432,,158,15800,TRUE
15900,2.9460425,,159,15900,TRUE
16001,2.9460425,,160.01,16001,TRUE
16002,2.9460425,,160.02,16002,TRUE
16100,2.9460425,,161,16100,TRUE
16201,2.9460425,,162.01,16201,TRUE
16202,2.9460425,,162.02,16202,TRUE
16301,2.9460425,,163.01,16301,TRUE
16302,2.9460425,,163.02,16302,TRUE
16401,2.9460425,,164.01,16401,TRUE
16406,2.9460425,,164.06,16406,TRUE
16407,2.9460425,,164.07,16407,TRUE
16408,2.9460425,,164.08,16408,TRUE
16409,2.4407663,,164.09,16409,TRUE
16410,2.9460425,,164.1,16410,TRUE
16411,2.9176383,,164.11,16411,TRUE
16412,2.4407663,,164.12,16412,TRUE
16413,2.9176383,,164.13,16413,TRUE
16502,1.7582785,,165.02,16502,TRUE
16509,2.2751908,,165.09,16509,TRUE
16510,2.5570333,,165.1,16510,TRUE
16511,2.2751908,,165.11,16511,TRUE
16513,2.2751908,,165.13,16513,TRUE
16514,2.2751908,,165.14,16514,TRUE
16516,1.7582785,,165.16,16516,TRUE
16517,1.7582785,,165.17,16517,TRUE
16518,1.7582785,,165.18,16518,TRUE
16519,1.7582785,,165.19,16519,TRUE
16520,2.051574,,165.2,16520,TRUE
16521,2.4164693,,165.21,16521,TRUE
16522,2.8732493,,165.22,16522,TRUE
16523,2.8732493,,165.23,16523,TRUE
16605,2.051574,,166.05,16605,TRUE
16606,2.051574,,166.06,16606,TRUE
16607,2.051574,,166.07,16607,TRUE
16610,2.2040911,,166.1,16610,TRUE
16611,2.2040911,,166.11,16611,TRUE
16612,2.2040911,,166.12,16612,TRUE
16615,2.8732493,,166.15,16615,TRUE
16616,2.8732493,,166.16,16616,TRUE
16617,2.0121317,,166.17,16617,TRUE
16618,2.2040911,,166.18,16618,TRUE
16619,2.2040911,,166.19,16619,TRUE
16620,2.2040911,,166.2,16620,TRUE
16621,2.2040911,,166.21,16621,TRUE
16622,2.2040911,,166.22,16622,TRUE
16623,2.4685774,,166.23,16623,TRUE
16624,2.8732493,,166.24,16624,TRUE
16625,2.2456861,,166.25,16625,TRUE
16626,2.8732493,,166.26,16626,TRUE
16701,2.2167337,,167.01,16701,TRUE
16703,2.2167337,,167.03,16703,TRUE
16704,2.0744395,,167.04,16704,TRUE
16705,2.0744395,,167.05,16705,TRUE
16802,2.0744395,,168.02,16802,TRUE
16803,2.0744395,,168.03,16803,TRUE
16804,2.0744395,,168.04,16804,TRUE
16902,2.2167337,,169.02,16902,TRUE
16903,2.3747561,,169.03,16903,TRUE
17001,2.356993,,170.01,17001,TRUE
17003,2.5940747,,170.03,17003,TRUE
17004,2.5940747,,170.04,17004,TRUE
17101,2.5940747,,171.01,17101,TRUE
17102,2.356993,,171.02,17102,TRUE
17201,2.5940747,,172.01,17201,TRUE
17202,2.5940747,,172.02,17202,TRUE
17301,2.7317781,,173.01,17301,TRUE
17303,2.7317781,,173.03,17303,TRUE
17304,2.7317781,,173.04,17304,TRUE
17305,2.7317781,,173.05,17305,TRUE
17306,2.7317781,,173.06,17306,TRUE
17400,2.7317781,,174,17400,TRUE
17500,2.7317781,,175,17500,TRUE
17602,2.7317781,,176.02,17602,TRUE
17604,2.7317781,,176.04,17604,TRUE
17605,2.5940747,,176.05,17605,TRUE
17606,2.5940747,,176.06,17606,TRUE
17702,2.7317781,,177.02,17702,TRUE
17703,2.7317781,,177.03,17703,TRUE
17704,2.7317781,,177.04,17704,TRUE
17804,2.7317781,,178.04,17804,TRUE
17805,2.5940747,,178.05,17805,TRUE
17806,2.5940747,,178.06,17806,TRUE
17807,2.7317781,,178.07,17807,TRUE
17808,3.1041505,,178.08,17808,TRUE
17811,2.8771565,,178.11,17811,TRUE
17812,2.7317781,,178.12,17812,TRUE
17813,2.7317781,,178.13,17813,TRUE
17814,2.8771565,,178.14,17814,TRUE
17900,2.5940747,,179,17900,TRUE
18001,2.930299,,180.01,18001,TRUE
18002,2.7317781,,180.02,18002,TRUE
18104,3.1403072,,181.04,18104,TRUE
18105,3.5109453,,181.05,18105,TRUE
18110,3.5109453,,181.1,18110,TRUE
18111,3.5109453,,181.11,18111,TRUE
18118,3.5109453,,181.18,18118,TRUE
18120,3.5109453,,181.2,18120,TRUE
18121,3.5109453,,181.21,18121,TRUE
18122,3.5109453,,181.22,18122,TRUE
18123,3.5109453,,181.23,18123,TRUE
18124,3.5109453,,181.24,18124,TRUE
18126,3.5109453,,181.26,18126,TRUE
18127,3.5109453,,181.27,18127,TRUE
18128,3.5109453,,181.28,18128,TRUE
18129,3.1041505,,181.29,18129,TRUE
18130,3.1041505,,181.3,18130,TRUE
18132,3.5109453,,181.32,18132,TRUE
18133,3.5109453,,181.33,18133,TRUE
18134,3.5109453,,181.34,18134,TRUE
18135,3.5109453,,181.35,18135,TRUE
18136,3.5109453,,181.36,18136,TRUE
18137,3.5109453,,181.37,18137,TRUE
18138,3.5109453,,181.38,18138,TRUE
18139,3.5109453,,181.39,18139,TRUE
18140,3.5109453,,181.4,18140,TRUE
18141,3.5109453,,181.41,18141,TRUE
18142,3.4794297,,181.42,18142,TRUE
18203,3.5109453,,182.03,18203,TRUE
18204,3.5109453,,182.04,18204,TRUE
18205,3.5109453,,182.05,18205,TRUE
18206,3.5109453,,182.06,18206,TRUE
18300,3.5109453,,183,18300,TRUE
18401,3.0629818,,184.01,18401,TRUE
18402,3.5109453,,184.02,18402,TRUE
18403,3.0629818,,184.03,18403,TRUE
18501,3.0629818,,185.01,18501,TRUE
18503,3.7934477,,185.03,18503,TRUE
18505,3.7934477,,185.05,18505,TRUE
18506,3.2620082,,185.06,18506,TRUE
18600,3.5109453,,186,18600,TRUE
18700,3.5109453,,187,18700,TRUE
18801,3.5109453,,188.01,18801,TRUE
18802,3.5109453,,188.02,18802,TRUE
18900,3.5109453,,189,18900,TRUE
19004,3.7934477,,190.04,19004,TRUE
19013,3.5109453,,190.13,19013,TRUE
19014,3.5109453,,190.14,19014,TRUE
19016,3.7934477,,190.16,19016,TRUE
19018,3.7934477,,190.18,19018,TRUE
19019,3.7934477,,190.19,19019,TRUE
19020,3.5109453,,190.2,19020,TRUE
19021,3.5109453,,190.21,19021,TRUE
19023,3.7934477,,190.23,19023,TRUE
19024,3.7934477,,190.24,19024,TRUE
19025,3.5109453,,190.25,19025,TRUE
19026,3.5109453,,190.26,19026,TRUE
19027,3.5109453,,190.27,19027,TRUE
19028,3.5109453,,190.28,19028,TRUE
19029,3.5109453,,190.29,19029,TRUE
19031,3.6182127,,190.31,19031,TRUE
19032,3.5109453,,190.32,19032,TRUE
19033,3.5109453,,190.33,19033,TRUE
19034,3.7934477,,190.34,19034,TRUE
19035,3.7934477,,190.35,19035,TRUE
19036,3.7934477,,190.36,19036,TRUE
19037,3.7934477,,190.37,19037,TRUE
19038,3.7934477,,190.38,19038,TRUE
19039,3.7934477,,190.39,19039,TRUE
19040,3.7934477,,190.4,19040,TRUE
19041,3.7934477,,190.41,19041,TRUE
19042,3.6182127,,190.42,19042,TRUE
19043,3.5109453,,190.43,19043,TRUE
19100,3.7934477,,191,19100,TRUE
19202,3.7934477,,192.02,19202,TRUE
19203,3.7934477,,192.03,19203,TRUE
19204,3.7934477,,192.04,19204,TRUE
19205,3.7934477,,192.05,19205,TRUE
19206,3.7934477,,192.06,19206,TRUE
19208,3.7934477,,192.08,19208,TRUE
19210,3.7934477,,192.1,19210,TRUE
19211,3.7934477,,192.11,19211,TRUE
19212,3.7934477,,192.12,19212,TRUE
19213,3.7934477,,192.13,19213,TRUE
19301,5.9205317,,193.01,19301,TRUE
19302,3.774493,,193.02,19302,TRUE
19400,5.9205317,,194,19400,TRUE
19501,5.9205317,,195.01,19501,TRUE
19502,5.9205317,,195.02,19502,TRUE
19600,3.774493,,196,19600,TRUE
19700,3.774493,,197,19700,TRUE
19800,3.774493,,198,19800,TRUE
19900,2.356993,,199,19900,TRUE
20000,3.9298503,,200,20000,TRUE
20100,2.3071566,,201,20100,TRUE
20200,2.356993,,202,20200,TRUE
20300,2.356993,,203,20300,TRUE
20400,2.356993,,204,20400,TRUE
20500,2.356993,,205,20500,TRUE
20600,2.356993,,206,20600,TRUE
20700,2.8371131,,207,20700,TRUE
980000,3.2866244,,9800,980000,TRUE
980100,2.356993,,9801,980100,TRUE
20103,3.3243864,,201.03,20103,TRUE
20104,4.0645409,,201.04,20104,TRUE
20105,3.6142154,,201.05,20105,TRUE
20106,3.6142154,,201.06,20106,TRUE
20107,3.5271807,,201.07,20107,TRUE
20108,4.0684748,,201.08,20108,TRUE
20109,5.0522952,,201.09,20109,TRUE
20110,5.0522952,,201.1,20110,TRUE
20111,5.0522952,,201.11,20111,TRUE
20112,4.302043,,201.12,20112,TRUE
20113,4.302043,,201.13,20113,TRUE
20114,4.302043,,201.14,20114,TRUE
20115,3.5271807,,201.15,20115,TRUE
20202,3.6898954,,202.02,20202,TRUE
20203,4.129498,,202.03,20203,TRUE
20204,4.2015476,,202.04,20204,TRUE
20205,3.7992344,,202.05,20205,TRUE
20303,3.6582716,,203.03,20303,TRUE
20305,3.5395939,,203.05,20305,TRUE
20306,3.6802723,,203.06,20306,TRUE
20307,3.6102285,,203.07,20307,TRUE
20308,3.6802723,,203.08,20308,TRUE
20309,3.6058323,,203.09,20309,TRUE
20310,3.4029036,,203.1,20310,TRUE
20401,3.6148071,,204.01,20401,TRUE
20402,3.4673469,,204.02,20402,TRUE
20403,3.4673469,,204.03,20403,TRUE
20503,3.4673469,,205.03,20503,TRUE
20504,3.4673469,,205.04,20504,TRUE
20505,3.4673469,,205.05,20505,TRUE
20506,3.6142154,,205.06,20506,TRUE
20601,3.4673469,,206.01,20601,TRUE
20602,3.4673469,,206.02,20602,TRUE
20700,3.4673469,,207,20700,TRUE
20800,3.4673469,,208,20800,TRUE
20900,3.4673469,,209,20900,TRUE
21000,3.4673469,,210,21000,TRUE
21100,3.4673469,,211,21100,TRUE
21201,3.4673469,,212.01,21201,TRUE
21202,3.4673469,,212.02,21202,TRUE
21301,3.4673469,,213.01,21301,TRUE
21303,3.4673469,,213.03,21303,TRUE
21304,3.6368873,,213.04,21304,TRUE
21305,3.4673469,,213.05,21305,TRUE
21403,3.6489351,,214.03,21403,TRUE
21404,3.793164,,214.04,21404,TRUE
21405,3.4673469,,214.05,21405,TRUE
21406,3.6368873,,214.06,21406,TRUE
21407,3.4673469,,214.07,21407,TRUE
21408,3.793164,,214.08,21408,TRUE
21409,3.793164,,214.09,21409,TRUE
21502,3.7240911,,215.02,21502,TRUE
21505,3.3705051,,215.05,21505,TRUE
21512,3.5177853,,215.12,21512,TRUE
21513,3.7240911,,215.13,21513,TRUE
21514,3.3705051,,215.14,21514,TRUE
21515,4.0116429,,215.15,21515,TRUE
21516,4.0116429,,215.16,21516,TRUE
21517,3.3705051,,215.17,21517,TRUE
21518,3.3705051,,215.18,21518,TRUE
21519,3.3705051,,215.19,21519,TRUE
21520,3.3705051,,215.2,21520,TRUE
21521,3.3705051,,215.21,21521,TRUE
21522,4.2468576,,215.22,21522,TRUE
21523,3.3705051,,215.23,21523,TRUE
21524,4.2468576,,215.24,21524,TRUE
21525,5.0522952,,215.25,21525,TRUE
21526,5.0522952,,215.26,21526,TRUE
21527,5.0522952,,215.27,21527,TRUE
21611,3.4598305,,216.11,21611,TRUE
21612,3.4598305,,216.12,21612,TRUE
21613,3.4598305,,216.13,21613,TRUE
21614,3.4598305,,216.14,21614,TRUE
21615,3.4598305,,216.15,21615,TRUE
21616,3.4060822,,216.16,21616,TRUE
21618,3.3705051,,216.18,21618,TRUE
21619,3.3705051,,216.19,21619,TRUE
21620,3.3705051,,216.2,21620,TRUE
21621,3.4060822,,216.21,21621,TRUE
21622,3.4060822,,216.22,21622,TRUE
21623,3.3705051,,216.23,21623,TRUE
21624,3.3705051,,216.24,21624,TRUE
21625,3.3705051,,216.25,21625,TRUE
21626,3.3705051,,216.26,21626,TRUE
21627,3.3705051,,216.27,21627,TRUE
21628,3.3705051,,216.28,21628,TRUE
21629,3.3705051,,216.29,21629,TRUE
21630,3.4060822,,216.3,21630,TRUE
21631,3.4060822,,216.31,21631,TRUE
21632,3.4060822,,216.32,21632,TRUE
21633,3.4060822,,216.33,21633,TRUE
21634,3.4060822,,216.34,21634,TRUE
21635,3.4598305,,216.35,21635,TRUE
21636,3.4598305,,216.36,21636,TRUE
21637,3.4598305,,216.37,21637,TRUE
21638,3.4598305,,216.38,21638,TRUE
21715,3.3705051,,217.15,21715,TRUE
21716,3.3705051,,217.16,21716,TRUE
21717,3.3705051,,217.17,21717,TRUE
21718,3.6368873,,217.18,21718,TRUE
21719,3.4152205,,217.19,21719,TRUE
21720,3.3705051,,217.2,21720,TRUE
21721,3.3705051,,217.21,21721,TRUE
21722,3.3705051,,217.22,21722,TRUE
21723,3.3705051,,217.23,21723,TRUE
21724,3.3705051,,217.24,21724,TRUE
21725,3.3705051,,217.25,21725,TRUE
21726,3.3705051,,217.26,21726,TRUE
21727,3.3705051,,217.27,21727,TRUE
21728,3.3705051,,217.28,21728,TRUE
21729,3.3705051,,217.29,21729,TRUE
21730,3.3705051,,217.3,21730,TRUE
21731,3.3705051,,217.31,21731,TRUE
21732,3.3705051,,217.32,21732,TRUE
21733,3.3705051,,217.33,21733,TRUE
21734,3.3705051,,217.34,21734,TRUE
21735,3.3705051,,217.35,21735,TRUE
21736,3.3705051,,217.36,21736,TRUE
21737,3.3705051,,217.37,21737,TRUE
21738,3.3705051,,217.38,21738,TRUE
21739,3.3705051,,217.39,21739,TRUE
21740,3.3705051,,217.4,21740,TRUE
21741,3.3705051,,217.41,21741,TRUE
21742,3.3705051,,217.42,21742,TRUE
21743,3.3705051,,217.43,21743,TRUE
21744,3.3705051,,217.44,21744,TRUE
21745,3.3705051,,217.45,21745,TRUE
21746,3.4152205,,217.46,21746,TRUE
21747,3.3705051,,217.47,21747,TRUE
21748,3.3705051,,217.48,21748,TRUE
21749,3.3705051,,217.49,21749,TRUE
21750,3.3705051,,217.5,21750,TRUE
21751,3.3705051,,217.51,21751,TRUE
21752,3.3705051,,217.52,21752,TRUE
21753,3.3705051,,217.53,21753,TRUE
21800,4.2468576,,218,21800,TRUE
21900,5.0522952,,219,21900,TRUE
100101,2.2983055,,1001.01,100101,TRUE
100102,2.2983055,,1001.02,100102,TRUE
100201,2.2983055,,1002.01,100201,TRUE
100202,2.2983055,,1002.02,100202,TRUE
100300,2.6500244,,1003,100300,TRUE
100400,2.5759275,,1004,100400,TRUE
100501,2.5759275,,1005.01,100501,TRUE
100502,2.6596093,,1005.02,100502,TRUE
100601,3.0204785,,1006.01,100601,TRUE
100602,2.728524,,1006.02,100602,TRUE
100700,2.55655,,1007,100700,TRUE
100800,2.2983055,,1008,100800,TRUE
100900,2.2983055,,1009,100900,TRUE
101201,3.0519736,,1012.01,101201,TRUE
101202,2.2983055,,1012.02,101202,TRUE
101301,2.2983055,,1013.01,101301,TRUE
101302,2.2983055,,1013.02,101302,TRUE
101401,2.2983055,,1014.01,101401,TRUE
101402,2.2983055,,1014.02,101402,TRUE
101403,2.2983055,,1014.03,101403,TRUE
101500,2.2983055,,1015,101500,TRUE
101700,2.2983055,,1017,101700,TRUE
102000,2.2983055,,1020,102000,TRUE
102100,2.2983055,,1021,102100,TRUE
102201,2.2983055,,1022.01,102201,TRUE
102202,2.2983055,,1022.02,102202,TRUE
102301,2.5901282,,1023.01,102301,TRUE
102302,2.2983055,,1023.02,102302,TRUE
102401,2.2983055,,1024.01,102401,TRUE
102402,2.2983055,,1024.02,102402,TRUE
102500,2.2983055,,1025,102500,TRUE
102601,2.2983055,,1026.01,102601,TRUE
102602,2.2983055,,1026.02,102602,TRUE
102700,2.2983055,,1027,102700,TRUE
102800,2.2983055,,1028,102800,TRUE
103500,2.2983055,,1035,103500,TRUE
103601,2.2983055,,1036.01,103601,TRUE
103602,2.2983055,,1036.02,103602,TRUE
103701,2.2983055,,1037.01,103701,TRUE
103702,2.2983055,,1037.02,103702,TRUE
103800,2.2983055,,1038,103800,TRUE
104100,2.2983055,,1041,104100,TRUE
104201,2.2983055,,1042.01,104201,TRUE
104202,2.2983055,,1042.02,104202,TRUE
104300,2.2983055,,1043,104300,TRUE
104400,2.2983055,,1044,104400,TRUE
104502,2.2983055,,1045.02,104502,TRUE
104503,2.2983055,,1045.03,104503,TRUE
104504,2.2983055,,1045.04,104504,TRUE
104505,2.2983055,,1045.05,104505,TRUE
104601,2.2983055,,1046.01,104601,TRUE
104602,2.2983055,,1046.02,104602,TRUE
104603,2.2983055,,1046.03,104603,TRUE
104604,2.2983055,,1046.04,104604,TRUE
104605,2.2983055,,1046.05,104605,TRUE
104701,2.2983055,,1047.01,104701,TRUE
104702,2.2983055,,1047.02,104702,TRUE
104802,2.2983055,,1048.02,104802,TRUE
104803,2.2983055,,1048.03,104803,TRUE
104804,2.2983055,,1048.04,104804,TRUE
104900,2.2983055,,1049,104900,TRUE
105001,2.6500244,,1050.01,105001,TRUE
105006,2.5561228,,1050.06,105006,TRUE
105007,3.4250748,,1050.07,105007,TRUE
105008,2.7140043,,1050.08,105008,TRUE
105201,2.5901282,,1052.01,105201,TRUE
105203,2.2983055,,1052.03,105203,TRUE
105204,2.5901282,,1052.04,105204,TRUE
105205,2.5901282,,1052.05,105205,TRUE
105403,2.2983055,,1054.03,105403,TRUE
105404,2.7692275,,1054.04,105404,TRUE
105405,2.7692275,,1054.05,105405,TRUE
105406,2.2983055,,1054.06,105406,TRUE
105502,2.2983055,,1055.02,105502,TRUE
105503,2.7692275,,1055.03,105503,TRUE
105505,2.7692275,,1055.05,105505,TRUE
105507,2.7692275,,1055.07,105507,TRUE
105508,2.7692275,,1055.08,105508,TRUE
105510,2.7692275,,1055.1,105510,TRUE
105511,2.2983055,,1055.11,105511,TRUE
105512,2.2983055,,1055.12,105512,TRUE
105513,2.7692275,,1055.13,105513,TRUE
105514,2.7692275,,1055.14,105514,TRUE
105600,2.2983055,,1056,105600,TRUE
105701,2.2983055,,1057.01,105701,TRUE
105703,2.2983055,,1057.03,105703,TRUE
105704,2.7692275,,1057.04,105704,TRUE
105800,2.2983055,,1058,105800,TRUE
105901,2.7905602,,1059.01,105901,TRUE
105902,2.2983055,,1059.02,105902,TRUE
106001,2.941153,,1060.01,106001,TRUE
106002,2.7905602,,1060.02,106002,TRUE
106004,3.1356192,,1060.04,106004,TRUE
106101,2.2983055,,1061.01,106101,TRUE
106102,2.2983055,,1061.02,106102,TRUE
106201,2.2983055,,1062.01,106201,TRUE
106202,2.2983055,,1062.02,106202,TRUE
106300,2.2983055,,1063,106300,TRUE
106400,2.2983055,,1064,106400,TRUE
106502,2.2983055,,1065.02,106502,TRUE
106503,2.2983055,,1065.03,106503,TRUE
106507,2.2983055,,1065.07,106507,TRUE
106509,2.8322749,,1065.09,106509,TRUE
106510,3.0519736,,1065.1,106510,TRUE
106511,2.2983055,,1065.11,106511,TRUE
106512,2.2983055,,1065.12,106512,TRUE
106513,2.2983055,,1065.13,106513,TRUE
106514,2.2983055,,1065.14,106514,TRUE
106515,2.2983055,,1065.15,106515,TRUE
106516,2.2983055,,1065.16,106516,TRUE
106517,3.3477395,,1065.17,106517,TRUE
106518,3.5000272,,1065.18,106518,TRUE
106600,2.5759275,,1066,106600,TRUE
106700,2.6500244,,1067,106700,TRUE
110101,3.4527481,,1101.01,110101,TRUE
110102,3.4527481,,1101.02,110102,TRUE
110202,2.9071829,,1102.02,110202,TRUE
110203,3.431406,,1102.03,110203,TRUE
110204,2.8230393,,1102.04,110204,TRUE
110301,3.4527481,,1103.01,110301,TRUE
110302,2.9071829,,1103.02,110302,TRUE
110401,2.6500244,,1104.01,110401,TRUE
110402,2.6596093,,1104.02,110402,TRUE
110500,2.7463129,,1105,110500,TRUE
110600,2.5901282,,1106,110600,TRUE
110701,2.5901282,,1107.01,110701,TRUE
110703,2.9905252,,1107.03,110703,TRUE
110704,2.5901282,,1107.04,110704,TRUE
110805,2.9905252,,1108.05,110805,TRUE
110806,2.9905252,,1108.06,110806,TRUE
110807,2.5901282,,1108.07,110807,TRUE
110808,3.5847867,,1108.08,110808,TRUE
110809,2.2983055,,1108.09,110809,TRUE
110901,2.2983055,,1109.01,110901,TRUE
110903,2.7692275,,1109.03,110903,TRUE
110905,2.2983055,,1109.05,110905,TRUE
110906,2.7692275,,1109.06,110906,TRUE
110907,2.2983055,,1109.07,110907,TRUE
111003,2.7692275,,1110.03,111003,TRUE
111005,2.941153,,1110.05,111005,TRUE
111008,3.22386,,1110.08,111008,TRUE
111010,3.3638451,,1110.1,111010,TRUE
111011,3.22386,,1110.11,111011,TRUE
111012,3.22386,,1110.12,111012,TRUE
111013,3.22386,,1110.13,111013,TRUE
111015,3.3922348,,1110.15,111015,TRUE
111016,3.3922348,,1110.16,111016,TRUE
111017,2.7692275,,1110.17,111017,TRUE
111018,3.0639739,,1110.18,111018,TRUE
111102,2.7905602,,1111.02,111102,TRUE
111103,2.2983055,,1111.03,111103,TRUE
111104,2.2983055,,1111.04,111104,TRUE
111202,3.3117082,,1112.02,111202,TRUE
111203,3.7126799,,1112.03,111203,TRUE
111204,4.0269461,,1112.04,111204,TRUE
111301,3.9994256,,1113.01,111301,TRUE
111304,4.4087682,,1113.04,111304,TRUE
111306,4.4087682,,1113.06,111306,TRUE
111307,4.4087682,,1113.07,111307,TRUE
111308,4.4087682,,1113.08,111308,TRUE
111309,4.4087682,,1113.09,111309,TRUE
111310,4.4087682,,1113.1,111310,TRUE
111311,4.4087682,,1113.11,111311,TRUE
111312,4.4087682,,1113.12,111312,TRUE
111313,4.4087682,,1113.13,111313,TRUE
111314,4.4087682,,1113.14,111314,TRUE
111402,3.4627848,,1114.02,111402,TRUE
111404,3.4627848,,1114.04,111404,TRUE
111405,3.4860137,,1114.05,111405,TRUE
111406,4.4087682,,1114.06,111406,TRUE
111407,4.4087682,,1114.07,111407,TRUE
111408,4.111392,,1114.08,111408,TRUE
111409,3.4627848,,1114.09,111409,TRUE
111505,2.4588907,,1115.05,111505,TRUE
111506,2.4588907,,1115.06,111506,TRUE
111513,3.4941485,,1115.13,111513,TRUE
111514,2.5620213,,1115.14,111514,TRUE
111516,3.4941485,,1115.16,111516,TRUE
111521,2.5620213,,1115.21,111521,TRUE
111522,2.5620213,,1115.22,111522,TRUE
111523,2.5620213,,1115.23,111523,TRUE
111524,2.5620213,,1115.24,111524,TRUE
111525,2.5620213,,1115.25,111525,TRUE
111526,2.5620213,,1115.26,111526,TRUE
111529,2.5620213,,1115.29,111529,TRUE
111530,3.4941485,,1115.3,111530,TRUE
111531,2.5620213,,1115.31,111531,TRUE
111532,2.7588749,,1115.32,111532,TRUE
111533,3.4941485,,1115.33,111533,TRUE
111534,2.7588749,,1115.34,111534,TRUE
111536,2.5620213,,1115.36,111536,TRUE
111537,2.5620213,,1115.37,111537,TRUE
111538,2.5620213,,1115.38,111538,TRUE
111539,3.4941485,,1115.39,111539,TRUE
111540,2.5620213,,1115.4,111540,TRUE
111541,3.4941485,,1115.41,111541,TRUE
111542,3.4941485,,1115.42,111542,TRUE
111543,4.4087682,,1115.43,111543,TRUE
111544,4.4087682,,1115.44,111544,TRUE
111545,2.5620213,,1115.45,111545,TRUE
111546,2.5620213,,1115.46,111546,TRUE
111547,3.4941485,,1115.47,111547,TRUE
111548,3.4941485,,1115.48,111548,TRUE
111549,4.4087682,,1115.49,111549,TRUE
111550,4.4087682,,1115.5,111550,TRUE
111551,4.4087682,,1115.51,111551,TRUE
111552,2.5620213,,1115.52,111552,TRUE
111553,2.5620213,,1115.53,111553,TRUE
113001,2.5620213,,1130.01,113001,TRUE
113002,2.5620213,,1130.02,113002,TRUE
113102,2.8759141,,1131.02,113102,TRUE
113104,2.5620213,,1131.04,113104,TRUE
113107,2.5620213,,1131.07,113107,TRUE
113108,2.5620213,,1131.08,113108,TRUE
113109,2.5620213,,1131.09,113109,TRUE
113110,2.5620213,,1131.1,113110,TRUE
113111,2.5620213,,1131.11,113111,TRUE
113112,2.5620213,,1131.12,113112,TRUE
113113,2.5620213,,1131.13,113113,TRUE
113114,2.8759141,,1131.14,113114,TRUE
113115,2.5620213,,1131.15,113115,TRUE
113116,2.5620213,,1131.16,113116,TRUE
113206,3.4527481,,1132.06,113206,TRUE
113207,3.4527481,,1132.07,113207,TRUE
113210,3.7924109,,1132.1,113210,TRUE
113212,3.4527481,,1132.12,113212,TRUE
113213,3.4527481,,1132.13,113213,TRUE
113214,3.4527481,,1132.14,113214,TRUE
113215,3.4527481,,1132.15,113215,TRUE
113216,3.4527481,,1132.16,113216,TRUE
113217,3.4527481,,1132.17,113217,TRUE
113218,3.4527481,,1132.18,113218,TRUE
113220,3.4021993,,1132.2,113220,TRUE
113221,3.4527481,,1132.21,113221,TRUE
113301,3.4527481,,1133.01,113301,TRUE
113302,3.4527481,,1133.02,113302,TRUE
113403,3.4021993,,1134.03,113403,TRUE
113404,3.3477395,,1134.04,113404,TRUE
113405,3.4021993,,1134.05,113405,TRUE
113407,3.3477395,,1134.07,113407,TRUE
113408,3.3477395,,1134.08,113408,TRUE
113509,3.3477395,,1135.09,113509,TRUE
113510,3.3477395,,1135.1,113510,TRUE
113511,3.3477395,,1135.11,113511,TRUE
113512,3.3477395,,1135.12,113512,TRUE
113513,3.3477395,,1135.13,113513,TRUE
113514,3.3477395,,1135.14,113514,TRUE
113516,3.5000272,,1135.16,113516,TRUE
113517,3.5000272,,1135.17,113517,TRUE
113518,3.3477395,,1135.18,113518,TRUE
113519,3.5000272,,1135.19,113519,TRUE
113520,3.6476011,,1135.2,113520,TRUE
113607,3.3477395,,1136.07,113607,TRUE
113610,3.7565286,,1136.1,113610,TRUE
113611,3.5480764,,1136.11,113611,TRUE
113612,3.4836452,,1136.12,113612,TRUE
113613,3.4021993,,1136.13,113613,TRUE
113618,3.3477395,,1136.18,113618,TRUE
113619,3.3477395,,1136.19,113619,TRUE
113622,3.5000272,,1136.22,113622,TRUE
113623,3.3477395,,1136.23,113623,TRUE
113624,3.3477395,,1136.24,113624,TRUE
113625,3.3477395,,1136.25,113625,TRUE
113626,3.3477395,,1136.26,113626,TRUE
113627,3.3477395,,1136.27,113627,TRUE
113628,3.3477395,,1136.28,113628,TRUE
113629,3.3477395,,1136.29,113629,TRUE
113630,3.3477395,,1136.3,113630,TRUE
113631,3.6476011,,1136.31,113631,TRUE
113632,3.6476011,,1136.32,113632,TRUE
113633,3.6476011,,1136.33,113633,TRUE
113634,3.6476011,,1136.34,113634,TRUE
113703,3.6476011,,1137.03,113703,TRUE
113705,5.1304979,,1137.05,113705,TRUE
113707,5.1304979,,1137.07,113707,TRUE
113709,3.6476011,,1137.09,113709,TRUE
113710,5.1304979,,1137.1,113710,TRUE
113711,5.1304979,,1137.11,113711,TRUE
113803,3.7924109,,1138.03,113803,TRUE
113808,3.7924109,,1138.08,113808,TRUE
113809,3.4527481,,1138.09,113809,TRUE
113810,3.4527481,,1138.1,113810,TRUE
113811,3.4527481,,1138.11,113811,TRUE
113812,3.9704611,,1138.12,113812,TRUE
113813,3.7924109,,1138.13,113813,TRUE
113814,3.7924109,,1138.14,113814,TRUE
113815,3.9704611,,1138.15,113815,TRUE
113816,3.9704611,,1138.16,113816,TRUE
113906,4.5211263,,1139.06,113906,TRUE
113907,4.5798922,,1139.07,113907,TRUE
113908,6.2238736,,1139.08,113908,TRUE
113909,5.1304979,,1139.09,113909,TRUE
113910,4.5211263,,1139.1,113910,TRUE
113911,3.9704611,,1139.11,113911,TRUE
113912,4.883328,,1139.12,113912,TRUE
113916,3.9704611,,1139.16,113916,TRUE
113917,3.7924109,,1139.17,113917,TRUE
113918,3.9704611,,1139.18,113918,TRUE
113919,3.9704611,,1139.19,113919,TRUE
113920,3.9704611,,1139.2,113920,TRUE
113921,3.9704611,,1139.21,113921,TRUE
113922,3.848587,,1139.22,113922,TRUE
113923,3.4992533,,1139.23,113923,TRUE
113924,3.9704611,,1139.24,113924,TRUE
113925,3.9704611,,1139.25,113925,TRUE
113926,3.4992533,,1139.26,113926,TRUE
113927,3.848587,,1139.27,113927,TRUE
113928,3.848587,,1139.28,113928,TRUE
113929,3.9704611,,1139.29,113929,TRUE
114003,2.7140043,,1140.03,114003,TRUE
114005,2.7140043,,1140.05,114005,TRUE
114006,2.7140043,,1140.06,114006,TRUE
114007,2.8221827,,1140.07,114007,TRUE
114008,2.8221827,,1140.08,114008,TRUE
114102,2.8540952,,1141.02,114102,TRUE
114103,3.1832347,,1141.03,114103,TRUE
114104,3.1832347,,1141.04,114104,TRUE
114203,3.8146362,,1142.03,114203,TRUE
114204,3.8146362,,1142.04,114204,TRUE
114205,3.8146362,,1142.05,114205,TRUE
114206,3.8146362,,1142.06,114206,TRUE
114207,2.9830229,,1142.07,114207,TRUE
121601,2.4588907,,1216.01,121601,TRUE
121604,2.5620213,,1216.04,121604,TRUE
121605,2.5620213,,1216.05,121605,TRUE
121606,2.4588907,,1216.06,121606,TRUE
121608,2.5620213,,1216.08,121608,TRUE
121609,2.6118524,,1216.09,121609,TRUE
121610,2.5620213,,1216.1,121610,TRUE
121611,2.7588749,,1216.11,121611,TRUE
121702,2.5620213,,1217.02,121702,TRUE
121703,2.5620213,,1217.03,121703,TRUE
121704,2.5620213,,1217.04,121704,TRUE
121903,2.5620213,,1219.03,121903,TRUE
121904,2.5620213,,1219.04,121904,TRUE
121905,2.5620213,,1219.05,121905,TRUE
121906,2.5620213,,1219.06,121906,TRUE
122001,2.5620213,,1220.01,122001,TRUE
122002,2.5620213,,1220.02,122002,TRUE
122100,2.5620213,,1221,122100,TRUE
122200,2.5620213,,1222,122200,TRUE
122300,2.5620213,,1223,122300,TRUE
122400,2.5620213,,1224,122400,TRUE
122500,2.5620213,,1225,122500,TRUE
122600,2.5620213,,1226,122600,TRUE
122700,2.5620213,,1227,122700,TRUE
122801,2.5620213,,1228.01,122801,TRUE
122802,2.5620213,,1228.02,122802,TRUE
122900,2.5620213,,1229,122900,TRUE
123000,2.5901282,,1230,123000,TRUE
123100,2.2983055,,1231,123100,TRUE
123200,2.2983055,,1232,123200,TRUE
123300,2.2983055,,1233,123300,TRUE
123400,2.2983055,,1234,123400,TRUE
123500,2.2983055,,1235,123500,TRUE
123600,2.2983055,,1236,123600,TRUE
980000,3.5000272,,9800,980000,TRUE
